ID,Titre,Score,Mots-clés,Commentaires
1hwkdvn,"Private sector companies added 122,000 jobs in December, less than expected, ADP says",30,ADP,ADP report is what I wipe my ass with once a month | Is this good or bad? | Has anyone done an analysis on how much ADP reports correlate to BLS reports? It seems like every month they are way off | [deleted] | I guess this is a good for the long run maybe
1hwkcss,Bearish outlook for US Stock Market over the next decade,0,US,The markets are down for 3 days and we’ve already got one of these posts lol | Too bearish. The US market will only underperform if a significant catalyst that we can't predict happens. I would/will continue to invest in the US market but that is my opinion. | ‘Am I being too bearish’   Guy is predicting WW3 and genuinely asking that question. Yes you are.  Revenues / profits are the only thing that matters. Nothing else. | I’m going to keep buying long either way | Bearish for decades because the markets really expensive.   You heard it hear first folks. Sell everything
1hvyqgw,Question about market sentiment related to NVDA,32,NVDA,"Welcome to r/stocks!  For beginner advice, brokerage info, book recommendations, even advanced topics and more, please read our [Wiki here.](https://www.reddit.com/r/stocks/wiki/index)  If you're wondering **why a stock moved** a certain way, check out [Finviz](https://finviz.com/quote.ashx?t=spy) which aggregates the most news for almost every stock, but also see [Reuters](https://www.reuters.com/), and even [Yahoo Finance](https://finance.yahoo.com/).  Please direct all simple questions towards the stickied Daily Discussion and Quarterly Rate My Portfolio threads (sort by Hot, they're at the top).  Also include *some* [due diligence](https://www.investopedia.com/terms/d/duediligence.asp) to this post or it may be removed if it's low effort.  *I am a bot, and this action was performed automatically. Please [contact the moderators of this subreddit](/message/compose/?to=/r/stocks) if you have any questions or concerns.* | Yields on the 10 year bond rose   It’s not only Nvidia that is down | Yes, this is common for the stock market.  If you look at the charts, Nvidia had been rallying for close to 20 days. It's common to get a sell off after bullish price action. You have to realize people are buying on days there aren't news, too. | Because everything is going down. | I'm not going to stress my brain with financial scientific mobo jumbo. But here's the street jist:  Big-Gov says we have a stronger than expected 'market' (jobs, blah blah) and decline in unemployment to something (whatever is 'historically low'). This says our economy is growing healthy.   More jobs = more household income (does it really? I dunno, flipping more burgers might? who knows) This increase does (somehow???) increase consumer spending on goods, services, and investments(terrible investments like $500 shoes, and overpriced cars, oh and some houses, perhaps hookers but that's only serviceable in 1-2 areas in the USA).   Strong employment says there is an increase in demand for goods/services (yeah, i suppose i need that extra car wash every 2 weeks). Businesses expand operations; hire more people (those 18 year olds definitely need that gig at walmart).  Since the goody good data has come out, the market (well that's us, institutions, market makers, sonic the hedgehog, Goku, etc) expects a pause on rate cuts. Hell, there may even be a rate hike (Yikes!!!) because, well, that's the only way the FED thinks inflation can be controlled (how about every administration stop doing what every administration has done since the 70s...handing out free money for way too long and require that you must do MORE than the minimum to stop receiving this free money - unless of course you are disabled beyond the ability to hold a considerable job).   Treasury - Some investors who are into bonds may adjust to the chances or likelyhood that rates go up in the future.  Some selling pressure goes up, why? Well, because big daddy cool bucks with old person's money try to lock in current rates before yields rise.   But these yields go up because treasury issuers need to offer higher returns...why? Well, it attracts more buyers. Like enticing kids with candy (oh, wait, my bad...i know nothing of that).  Well, low and behold, treasury yields rise. Due to the expectation of the FED rates and possible inflation, the 10-year goes up. How this impacts cash-flow is basically high yields make treasuries more attractive over low-yield savings accounts or whatever dividend stock is the flavor of the week. Money then leaves equities and flows into treasuries, unlike oil flowing into water.  This increases demand for higher yields because the money(buyers) demand it.   Another thing is that mortgage rates are influenced by treasury yields. As that yield rises, mortgage rates rise. And this decreases the new income (funny how the government has devised a way to keep us all on this treadmill, but I like to look at it like a mouse wheel)  These moves scare people. You may see people investing in things like gold or real estate while moving away from stock assets. The higher yields cause stock prices to fall because of the so called risk free rate. So investors move into treasury instead of stocks. Like even mutual funds will reallocate cash into bonds to help their return for their customers grow.   Basically, everyone moves their money in another direction so expectations of EVEN A NICE report on NVIDIA ends up not moving the needle much because, hey, we are all on the Treasury train until that train derails inevitably.  I probably forgot some things or mistyped here or there but this is the jist..."
1hvuzf2,Is 1% funding fee too high for investing?,24,investing,"where are you from? My wires to IBKR are free. 40$ per transfer is insane | I'd send it once per quarter instead of once per month to cut fees by 1/3. | Use WISE, while they are not the cheapest, they are integrated with IBKR. Forex rate should be much less than your current financial institution, and also there are no transfer/wire fees to IBKR.  The 1% loss should be negligible in the long run, but if you can save it, why not? | I mean it's because you're not from the US | I never pay a fee   Try Robinhood ( can't believe I said that)"
1hvqdgm,Has anyone turned $2000 into $20K in Stock trading or buying?,0,trading,"Anyone? Yeah. Most people who try to 10x their money in a short timespan most likely 0x it. | You are lacking the timeframe. Many have done it holding a good stock or etf long enough time. I've done it with MSTR in a shorter time than most with etfs.  Either way if you are looking for a quick 10x that's more gambling than actually investing. | turned .80 cents into 30,000 or more just waiting. | LUNR AND RKLB but holding both long. Also made a ton in SMCI but also holding long.....I am 85% long investor. If you are a long investor time is now to buy AI stocks and Cyber stocks. Growth in those is ridiculous. More aggressive if you like Bitcoin or MSTR or other stocks in that space. Was never a believer in Crypto/Bitcoin until last few months. Whole world is getting on board. | Bought gamestop back when the whole roaring kitty/wall street bets thing was going on and then Bought bitcoin when it dropped to around $20000! Good luck copying that lol"
1huxyay,"Nvidia supplier Foxconn reports record quarter revenue, NVDA +3% PM",128,NVDA,Foxconn killing it with that AI server demand! | This is good. Thanx | Wouldn't Apple be a bigger factor in all this good news about Foxconn? | That wouldn't get as many clicks | Why with the flattish consumer electronics?
1hurglg,"Learning trading on my own, need help with direction",3,trading,"Welcome to r/stocks!  For beginner advice, brokerage info, book recommendations, even advanced topics and more, please read our [Wiki here.](https://www.reddit.com/r/stocks/wiki/index)  If you're wondering **why a stock moved** a certain way, check out [Finviz](https://finviz.com/quote.ashx?t=spy) which aggregates the most news for almost every stock, but also see [Reuters](https://www.reuters.com/), and even [Yahoo Finance](https://finance.yahoo.com/).  Please direct all simple questions towards the stickied Daily Discussion and Quarterly Rate My Portfolio threads (sort by Hot, they're at the top).  Also include *some* [due diligence](https://www.investopedia.com/terms/d/duediligence.asp) to this post or it may be removed if it's low effort.  *I am a bot, and this action was performed automatically. Please [contact the moderators of this subreddit](/message/compose/?to=/r/stocks) if you have any questions or concerns.* | [removed] | The big secret to technical analysis is that it just does not work. Short term price movements are just simply random, and charting does not help to predict future reliably. For example there may be great demand (thus support) at the moment and some big fund decides to get rid of their position - and big chunk of shares gets dropped into market, driving price down, and you cannot predict it from chart. Plus you are competing with millions of other trading people and also millions of bots, so.. chances that you will guess price right gets simply 50/50 | \> Intelligent Investor  \> I am also practicing charting, doing things finding Support/Resistance, looking for trends.   you sure you read the right book? if so, i eagerly await your takeaway from it as it quite literally shits on anyone who attempts to do ~~astrology~~ TA | Probably the best advice that can be given to you is that all of this charting nonsense just doesn’t work to help determine the direction. Just think about if for a second. If there any real edge to be gained with these techniques, then the stock market would just be a massive money making machine for everyone and there would be no losers. If charting were reliable, why would anyone place a losing trade? Do you think that when someone places a trade and loses it’s because they didn’t know how to chart? The only edge to be had is to sell lies to newbies like you looking for an edge. It’s so likely that you follow these books and guides and lose so much of your money that you would give everything else you have left just to rewind time and get you back to this very moment before you lost any of it.  Okay, that being said, the general direction for the market is up because that’s what it’s designed to do. You’ll make money being a bull much more often then you would being a bear. The best time to enter is simply “now” and the best time to exit is simply “years later”. If you do anything else, and I mean ANYTHING else, you open yourself up to the very real possibility of actively undoing years of working and saving. You sound like you’re in a precarious position financially, and it’s probably the exact opposite time in life that you should be thinking about playing the market."
1hunf7j,Hows the stock market not a giant ponzi scheme?,0,stock market,"dear diary | That’s not how any of this works. | There’s a lot to unpack here | Ok | How is life not a giant Ponzi scheme? Those born later will always benefit from the sacrifice, hard work and innovation of those that was here earlier.  Some people get lucky and some have power and some don’t, and those in power or a bit richer always have it a little bit better than others."
1hugjfm,Leveraged Quantum Computing ETF/ETN Product?,5,ETN,I mean… this has to be satire. Could there possibly be a bigger top signal than this? That’s it I’m liquidating my entire 401k on Monday lol. I’m just making this comment so I can look back at this moment in history.  Edit: ok a quick look at this guys profile and it’s absolutely satire. You’re gonna have to be a little more subtle next time. | Bro please don’t do this😂😂 | You’ve looked into QTUM? | Top is in | No just buy google calls
1huc6tf,Should I start investing now?,0,investing,"Welcome to r/stocks!  For stock recommendations please see our portfolio sticky, sort by hot, it's the first sticky, or see [past portfolio stickies here.](https://www.reddit.com/r/stocks/search?q=author%3Aautomoderator+title%3A%22Rate+My+Portfolio%22&restrict_sr=on&sort=new&t=all)  For beginner advice, brokerage info, book recommendations, even advanced topics and more, please read our [Wiki here.](https://www.reddit.com/r/stocks/wiki/index)  If you're wondering **why a stock moved** a certain way, check out [Finviz](https://finviz.com/quote.ashx?t=spy) which aggregates the most news for almost every stock, but also see [Reuters](https://www.reuters.com/), and even [Yahoo Finance](https://finance.yahoo.com/).  Also include *some* [due diligence](https://www.investopedia.com/terms/d/duediligence.asp) to this post or it may be removed if it's low effort.  *I am a bot, and this action was performed automatically. Please [contact the moderators of this subreddit](/message/compose/?to=/r/stocks) if you have any questions or concerns.* | The best time to start investing was yesterday. The second best time to start investing is today   Everytime you get a paycheck, put a certain amount of your savings in SPY or VOO.  That's all you need to know about stocks. | You are over complicating it.   Do you believe the rich will get richer in America, the most capitalist country in the world .  If yes, invest in the top 500 companies list (s&p 500 etf), so no matter who is in the list, you are just betting on the 500 biggest US companies to be more successful tomorrow then today.   That’s it.  If you want to do individual investing you can dabble but not for a while. | I agree with most of what others are saying here but, it doesn’t hurt to purchase a few shares of a stock that you’re interested and then watch it over time.  This helps you get your feet wet and truly inspires you to learn more quickly while being actively involved.  It also will solidify your commitment to investing and help you explore lots of other topics regarding finances.   To get started I bought 100 shares of a $1 stock and it’s now at $19.  As it was growing I did more research and formulated a framework of how I could invest more based on good DD and knowledge of a market segment that interested me.  Remember, stocks are a gamble no matter what, and only buy what you can afford to lose.  And, consider losses as the price of education and investing in yourself. | stay away from penny stocks...stay away from pot stocks..stay away from meme stocks...JMHO"
1htoxce,"In Yahoo Finance, why are 3M's (MMM) operating income and EBIT different?",0,MMM,"EBIT includes (other income/ losses) while operating income doesn’t. | I dont think those things mean what you think they mean | I wonder how often I should care about other income/losses. Sometimes, companies will put interest repayments or earnings in 'other income'. Don't know if they can 'trick' us that way. | Yep, I guess EBIT is just a proxy for operating income, but it's only very close when 'other income' is rather low. | It’s only a “trick” if you just read bottom line metrics and take that at face value. Everything in the financials is just a roadmap to understand what the company is doing."
1htbiyw,Where to get S&P500 historical constituent data?,6,500,"Don't forget the split data. Yahoo finance API had them for 20. Check stock API's. The free stock data days are over. | You won’t be able to find it because this is how data vendor makes their money. S&P, MSCI, ICE, Bloomberg, Russell, and FTSE they’re all the same.   Use their index for benchmarking and make their names know.  They publish index level data usually for free like everything you see, and even maybe top 10-25 holdings.   What they will never give for free is the index constituent and constituent weights. This is when you need to fork over anywhere between 10,000 to 30,000 per year per index.   You can start collecting the data and overtime you will be able to build a dataset. Just on top 10-25…whatever you can get your hands on | The s&p500 holdings don’t change that often.  It’s reconstructed annually and rebalanced quarterly.    Yahoo finance has some stuff: https://finance.yahoo.com/quote/%5EGSPC/history/?frequency=1mo&period1=1578143467&period2=1735996227  https://www.spglobal.com/spdji/en/idsenhancedfactsheet/file.pdf?calcFrequency=M&force_download=true&hostIdentifier=48190c8c-42c4-46af-8d1a-0cd5db894797&indexId=340   https://www.spglobal.com/spdji/en/documents/methodologies/methodology-sp-us-indices.pdf  Here’s a running list of the current holdings: https://stockanalysis.com/list/sp-500-stocks/ | Great question, I also could not find any available data on the Internet. Chatgpt was no help as well | Went through this recently, I ended up paying Norgate for data starting from 1990."
1ht0bbd,$AMD analysis,130,AMD,"It has been in a downward channel since February ‘24 but seems to be bottoming. Will be interesting to see if today’s bounce continues next week - if so, I might get in. | FPGAs intrigues me as a new niche they could break into and dominate. They won’t compete on custom or gpu’s but here, maybe. | Advanced Money Destroyer™️ has burned me too many times | Personally, my biggest problem is the leadership. Despite what media may have you believe, when Zen was conceived and developed Lisa Su wasn’t in charge, it was Rory Read. Youtube: Inside AMD - Rory Read’s First Employee Address. (Search for “rory read amd”, it’s the first result).  The company innings are rather opaque but I gather that Lisa Su was later promoted to CEO mostly thanks to her making a deal with consoles, which was a big deal for them at the time.  Under her leadership, ARM based K12 project was cancelled which Jim Keller (one of the people who made Zen possible, now Tenstorrent founder) has called foolish, and under her there have also been many unfortunate fumbles on the GPU front - mispricing, choosing shiny, expensive and unnecessary tech (HBM most notably), and messing up FSR for a long time.  On the AI front, I believe AMD could have been what Broadcom is now if they chased deals.  Anyway, tying it all up, Rory’s speech embodies what is in my eyes missing for AMD. Contrast his speech with any you can find on AMD’s channel, with Papermaster, Su, or Norrod. It’s just not there for me, and I have a growing concern that given their current culture Zen will be their only achievement. | 'refresh cycle and stealing from Intel '    bye"
